data/nums/num_0_folder/num_0(0).png,0
data/nums/num_0_folder/num_0(1).png,0
data/nums/num_0_folder/num_0(2).png,0
data/nums/num_0_folder/num_0(3).png,0
data/nums/num_0_folder/num_0(4).png,0
data/nums/num_0_folder/num_0(5).png,0
data/nums/num_0_folder/num_0(6).png,0
data/nums/num_0_folder/num_0(7).png,0
data/nums/num_0_folder/num_0(8).png,0
data/nums/num_0_folder/num_0(9).png,0
data/nums/num_0_folder/num_0(10).png,0
data/nums/num_0_folder/num_0(11).png,0
data/nums/num_0_folder/num_0(12).png,0
data/nums/num_0_folder/num_0(13).png,0
data/nums/num_0_folder/num_0(14).png,0
data/nums/num_0_folder/num_0(15).png,0
data/nums/num_0_folder/num_0(16).png,0
data/nums/num_0_folder/num_0(17).png,0
data/nums/num_0_folder/num_0(18).png,0
data/nums/num_0_folder/num_0(19).png,0
data/nums/num_0_folder/num_0(20).png,0
data/nums/num_0_folder/num_0(21).png,0
data/nums/num_0_folder/num_0(22).png,0
data/nums/num_0_folder/num_0(23).png,0
data/nums/num_0_folder/num_0(24).png,0
data/nums/num_0_folder/num_0(25).png,0
data/nums/num_0_folder/num_0(26).png,0
data/nums/num_0_folder/num_0(27).png,0
data/nums/num_0_folder/num_0(28).png,0
data/nums/num_0_folder/num_0(29).png,0
data/nums/num_0_folder/num_0(30).png,0
data/nums/num_0_folder/num_0(31).png,0
data/nums/num_0_folder/num_0(32).png,0
data/nums/num_0_folder/num_0(33).png,0
data/nums/num_0_folder/num_0(34).png,0
data/nums/num_0_folder/num_0(35).png,0
data/nums/num_0_folder/num_0(36).png,0
data/nums/num_0_folder/num_0(37).png,0
data/nums/num_0_folder/num_0(38).png,0
data/nums/num_0_folder/num_0(39).png,0
data/nums/num_0_folder/num_0(40).png,0
data/nums/num_0_folder/num_0(41).png,0
data/nums/num_0_folder/num_0(42).png,0
data/nums/num_0_folder/num_0(43).png,0
data/nums/num_0_folder/num_0(44).png,0
data/nums/num_0_folder/num_0(45).png,0
data/nums/num_0_folder/num_0(46).png,0
data/nums/num_0_folder/num_0(47).png,0
data/nums/num_0_folder/num_0(48).png,0
data/nums/num_0_folder/num_0(49).png,0
data/nums/num_0_folder/num_0(50).png,0
data/nums/num_0_folder/num_0(51).png,0
data/nums/num_0_folder/num_0(52).png,0
data/nums/num_0_folder/num_0(53).png,0
data/nums/num_0_folder/num_0(54).png,0
data/nums/num_0_folder/num_0(55).png,0
data/nums/num_0_folder/num_0(56).png,0
data/nums/num_0_folder/num_0(57).png,0
data/nums/num_0_folder/num_0(58).png,0
data/nums/num_0_folder/num_0(59).png,0
data/nums/num_0_folder/num_0(60).png,0
data/nums/num_0_folder/num_0(61).png,0
data/nums/num_0_folder/num_0(62).png,0
data/nums/num_0_folder/num_0(63).png,0
data/nums/num_0_folder/num_0(64).png,0
data/nums/num_0_folder/num_0(65).png,0
data/nums/num_0_folder/num_0(66).png,0
data/nums/num_0_folder/num_0(67).png,0
data/nums/num_0_folder/num_0(68).png,0
data/nums/num_0_folder/num_0(69).png,0
data/nums/num_0_folder/num_0(70).png,0
data/nums/num_0_folder/num_0(71).png,0
data/nums/num_0_folder/num_0(72).png,0
data/nums/num_0_folder/num_0(73).png,0
data/nums/num_0_folder/num_0(74).png,0
data/nums/num_0_folder/num_0(75).png,0
data/nums/num_0_folder/num_0(76).png,0
data/nums/num_0_folder/num_0(77).png,0
data/nums/num_0_folder/num_0(78).png,0
data/nums/num_0_folder/num_0(79).png,0
data/nums/num_0_folder/num_0(80).png,0
data/nums/num_0_folder/num_0(81).png,0
data/nums/num_0_folder/num_0(82).png,0
data/nums/num_0_folder/num_0(83).png,0
data/nums/num_0_folder/num_0(84).png,0
data/nums/num_0_folder/num_0(85).png,0
data/nums/num_0_folder/num_0(86).png,0
data/nums/num_0_folder/num_0(87).png,0
data/nums/num_0_folder/num_0(88).png,0
data/nums/num_0_folder/num_0(89).png,0
data/nums/num_0_folder/num_0(90).png,0
data/nums/num_0_folder/num_0(91).png,0
data/nums/num_0_folder/num_0(92).png,0
data/nums/num_0_folder/num_0(93).png,0
data/nums/num_0_folder/num_0(94).png,0
data/nums/num_0_folder/num_0(95).png,0
data/nums/num_0_folder/num_0(96).png,0
data/nums/num_0_folder/num_0(97).png,0
data/nums/num_0_folder/num_0(98).png,0
data/nums/num_0_folder/num_0(99).png,0
data/nums/num_1_folder/num_1(0).png,1
data/nums/num_1_folder/num_1(1).png,1
data/nums/num_1_folder/num_1(2).png,1
data/nums/num_1_folder/num_1(3).png,1
data/nums/num_1_folder/num_1(4).png,1
data/nums/num_1_folder/num_1(5).png,1
data/nums/num_1_folder/num_1(6).png,1
data/nums/num_1_folder/num_1(7).png,1
data/nums/num_1_folder/num_1(8).png,1
data/nums/num_1_folder/num_1(9).png,1
data/nums/num_1_folder/num_1(10).png,1
data/nums/num_1_folder/num_1(11).png,1
data/nums/num_1_folder/num_1(12).png,1
data/nums/num_1_folder/num_1(13).png,1
data/nums/num_1_folder/num_1(14).png,1
data/nums/num_1_folder/num_1(15).png,1
data/nums/num_1_folder/num_1(16).png,1
data/nums/num_1_folder/num_1(17).png,1
data/nums/num_1_folder/num_1(18).png,1
data/nums/num_1_folder/num_1(19).png,1
data/nums/num_1_folder/num_1(20).png,1
data/nums/num_1_folder/num_1(21).png,1
data/nums/num_1_folder/num_1(22).png,1
data/nums/num_1_folder/num_1(23).png,1
data/nums/num_1_folder/num_1(24).png,1
data/nums/num_1_folder/num_1(25).png,1
data/nums/num_1_folder/num_1(26).png,1
data/nums/num_1_folder/num_1(27).png,1
data/nums/num_1_folder/num_1(28).png,1
data/nums/num_1_folder/num_1(29).png,1
data/nums/num_1_folder/num_1(30).png,1
data/nums/num_1_folder/num_1(31).png,1
data/nums/num_1_folder/num_1(32).png,1
data/nums/num_1_folder/num_1(33).png,1
data/nums/num_1_folder/num_1(34).png,1
data/nums/num_1_folder/num_1(35).png,1
data/nums/num_1_folder/num_1(36).png,1
data/nums/num_1_folder/num_1(37).png,1
data/nums/num_1_folder/num_1(38).png,1
data/nums/num_1_folder/num_1(39).png,1
data/nums/num_1_folder/num_1(40).png,1
data/nums/num_1_folder/num_1(41).png,1
data/nums/num_1_folder/num_1(42).png,1
data/nums/num_1_folder/num_1(43).png,1
data/nums/num_1_folder/num_1(44).png,1
data/nums/num_1_folder/num_1(45).png,1
data/nums/num_1_folder/num_1(46).png,1
data/nums/num_1_folder/num_1(47).png,1
data/nums/num_1_folder/num_1(48).png,1
data/nums/num_1_folder/num_1(49).png,1
data/nums/num_1_folder/num_1(50).png,1
data/nums/num_1_folder/num_1(51).png,1
data/nums/num_1_folder/num_1(52).png,1
data/nums/num_1_folder/num_1(53).png,1
data/nums/num_1_folder/num_1(54).png,1
data/nums/num_1_folder/num_1(55).png,1
data/nums/num_1_folder/num_1(56).png,1
data/nums/num_1_folder/num_1(57).png,1
data/nums/num_1_folder/num_1(58).png,1
data/nums/num_1_folder/num_1(59).png,1
data/nums/num_1_folder/num_1(60).png,1
data/nums/num_1_folder/num_1(61).png,1
data/nums/num_1_folder/num_1(62).png,1
data/nums/num_1_folder/num_1(63).png,1
data/nums/num_1_folder/num_1(64).png,1
data/nums/num_1_folder/num_1(65).png,1
data/nums/num_1_folder/num_1(66).png,1
data/nums/num_1_folder/num_1(67).png,1
data/nums/num_1_folder/num_1(68).png,1
data/nums/num_1_folder/num_1(69).png,1
data/nums/num_1_folder/num_1(70).png,1
data/nums/num_1_folder/num_1(71).png,1
data/nums/num_1_folder/num_1(72).png,1
data/nums/num_1_folder/num_1(73).png,1
data/nums/num_1_folder/num_1(74).png,1
data/nums/num_1_folder/num_1(75).png,1
data/nums/num_1_folder/num_1(76).png,1
data/nums/num_1_folder/num_1(77).png,1
data/nums/num_1_folder/num_1(78).png,1
data/nums/num_1_folder/num_1(79).png,1
data/nums/num_1_folder/num_1(80).png,1
data/nums/num_1_folder/num_1(81).png,1
data/nums/num_1_folder/num_1(82).png,1
data/nums/num_1_folder/num_1(83).png,1
data/nums/num_1_folder/num_1(84).png,1
data/nums/num_1_folder/num_1(85).png,1
data/nums/num_1_folder/num_1(86).png,1
data/nums/num_1_folder/num_1(87).png,1
data/nums/num_1_folder/num_1(88).png,1
data/nums/num_1_folder/num_1(89).png,1
data/nums/num_1_folder/num_1(90).png,1
data/nums/num_1_folder/num_1(91).png,1
data/nums/num_1_folder/num_1(92).png,1
data/nums/num_1_folder/num_1(93).png,1
data/nums/num_1_folder/num_1(94).png,1
data/nums/num_1_folder/num_1(95).png,1
data/nums/num_1_folder/num_1(96).png,1
data/nums/num_1_folder/num_1(97).png,1
data/nums/num_1_folder/num_1(98).png,1
data/nums/num_1_folder/num_1(99).png,1
data/nums/num_2_folder/num_2(0).png,2
data/nums/num_2_folder/num_2(1).png,2
data/nums/num_2_folder/num_2(2).png,2
data/nums/num_2_folder/num_2(3).png,2
data/nums/num_2_folder/num_2(4).png,2
data/nums/num_2_folder/num_2(5).png,2
data/nums/num_2_folder/num_2(6).png,2
data/nums/num_2_folder/num_2(7).png,2
data/nums/num_2_folder/num_2(8).png,2
data/nums/num_2_folder/num_2(9).png,2
data/nums/num_2_folder/num_2(10).png,2
data/nums/num_2_folder/num_2(11).png,2
data/nums/num_2_folder/num_2(12).png,2
data/nums/num_2_folder/num_2(13).png,2
data/nums/num_2_folder/num_2(14).png,2
data/nums/num_2_folder/num_2(15).png,2
data/nums/num_2_folder/num_2(16).png,2
data/nums/num_2_folder/num_2(17).png,2
data/nums/num_2_folder/num_2(18).png,2
data/nums/num_2_folder/num_2(19).png,2
data/nums/num_2_folder/num_2(20).png,2
data/nums/num_2_folder/num_2(21).png,2
data/nums/num_2_folder/num_2(22).png,2
data/nums/num_2_folder/num_2(23).png,2
data/nums/num_2_folder/num_2(24).png,2
data/nums/num_2_folder/num_2(25).png,2
data/nums/num_2_folder/num_2(26).png,2
data/nums/num_2_folder/num_2(27).png,2
data/nums/num_2_folder/num_2(28).png,2
data/nums/num_2_folder/num_2(29).png,2
data/nums/num_2_folder/num_2(30).png,2
data/nums/num_2_folder/num_2(31).png,2
data/nums/num_2_folder/num_2(32).png,2
data/nums/num_2_folder/num_2(33).png,2
data/nums/num_2_folder/num_2(34).png,2
data/nums/num_2_folder/num_2(35).png,2
data/nums/num_2_folder/num_2(36).png,2
data/nums/num_2_folder/num_2(37).png,2
data/nums/num_2_folder/num_2(38).png,2
data/nums/num_2_folder/num_2(39).png,2
data/nums/num_2_folder/num_2(40).png,2
data/nums/num_2_folder/num_2(41).png,2
data/nums/num_2_folder/num_2(42).png,2
data/nums/num_2_folder/num_2(43).png,2
data/nums/num_2_folder/num_2(44).png,2
data/nums/num_2_folder/num_2(45).png,2
data/nums/num_2_folder/num_2(46).png,2
data/nums/num_2_folder/num_2(47).png,2
data/nums/num_2_folder/num_2(48).png,2
data/nums/num_2_folder/num_2(49).png,2
data/nums/num_2_folder/num_2(50).png,2
data/nums/num_2_folder/num_2(51).png,2
data/nums/num_2_folder/num_2(52).png,2
data/nums/num_2_folder/num_2(53).png,2
data/nums/num_2_folder/num_2(54).png,2
data/nums/num_2_folder/num_2(55).png,2
data/nums/num_2_folder/num_2(56).png,2
data/nums/num_2_folder/num_2(57).png,2
data/nums/num_2_folder/num_2(58).png,2
data/nums/num_2_folder/num_2(59).png,2
data/nums/num_2_folder/num_2(60).png,2
data/nums/num_2_folder/num_2(61).png,2
data/nums/num_2_folder/num_2(62).png,2
data/nums/num_2_folder/num_2(63).png,2
data/nums/num_2_folder/num_2(64).png,2
data/nums/num_2_folder/num_2(65).png,2
data/nums/num_2_folder/num_2(66).png,2
data/nums/num_2_folder/num_2(67).png,2
data/nums/num_2_folder/num_2(68).png,2
data/nums/num_2_folder/num_2(69).png,2
data/nums/num_2_folder/num_2(70).png,2
data/nums/num_2_folder/num_2(71).png,2
data/nums/num_2_folder/num_2(72).png,2
data/nums/num_2_folder/num_2(73).png,2
data/nums/num_2_folder/num_2(74).png,2
data/nums/num_2_folder/num_2(75).png,2
data/nums/num_2_folder/num_2(76).png,2
data/nums/num_2_folder/num_2(77).png,2
data/nums/num_2_folder/num_2(78).png,2
data/nums/num_2_folder/num_2(79).png,2
data/nums/num_2_folder/num_2(80).png,2
data/nums/num_2_folder/num_2(81).png,2
data/nums/num_2_folder/num_2(82).png,2
data/nums/num_2_folder/num_2(83).png,2
data/nums/num_2_folder/num_2(84).png,2
data/nums/num_2_folder/num_2(85).png,2
data/nums/num_2_folder/num_2(86).png,2
data/nums/num_2_folder/num_2(87).png,2
data/nums/num_2_folder/num_2(88).png,2
data/nums/num_2_folder/num_2(89).png,2
data/nums/num_2_folder/num_2(90).png,2
data/nums/num_2_folder/num_2(91).png,2
data/nums/num_2_folder/num_2(92).png,2
data/nums/num_2_folder/num_2(93).png,2
data/nums/num_2_folder/num_2(94).png,2
data/nums/num_2_folder/num_2(95).png,2
data/nums/num_2_folder/num_2(96).png,2
data/nums/num_2_folder/num_2(97).png,2
data/nums/num_2_folder/num_2(98).png,2
data/nums/num_2_folder/num_2(99).png,2
data/nums/num_3_folder/num_3(0).png,3
data/nums/num_3_folder/num_3(1).png,3
data/nums/num_3_folder/num_3(2).png,3
data/nums/num_3_folder/num_3(3).png,3
data/nums/num_3_folder/num_3(4).png,3
data/nums/num_3_folder/num_3(5).png,3
data/nums/num_3_folder/num_3(6).png,3
data/nums/num_3_folder/num_3(7).png,3
data/nums/num_3_folder/num_3(8).png,3
data/nums/num_3_folder/num_3(9).png,3
data/nums/num_3_folder/num_3(10).png,3
data/nums/num_3_folder/num_3(11).png,3
data/nums/num_3_folder/num_3(12).png,3
data/nums/num_3_folder/num_3(13).png,3
data/nums/num_3_folder/num_3(14).png,3
data/nums/num_3_folder/num_3(15).png,3
data/nums/num_3_folder/num_3(16).png,3
data/nums/num_3_folder/num_3(17).png,3
data/nums/num_3_folder/num_3(18).png,3
data/nums/num_3_folder/num_3(19).png,3
data/nums/num_3_folder/num_3(20).png,3
data/nums/num_3_folder/num_3(21).png,3
data/nums/num_3_folder/num_3(22).png,3
data/nums/num_3_folder/num_3(23).png,3
data/nums/num_3_folder/num_3(24).png,3
data/nums/num_3_folder/num_3(25).png,3
data/nums/num_3_folder/num_3(26).png,3
data/nums/num_3_folder/num_3(27).png,3
data/nums/num_3_folder/num_3(28).png,3
data/nums/num_3_folder/num_3(29).png,3
data/nums/num_3_folder/num_3(30).png,3
data/nums/num_3_folder/num_3(31).png,3
data/nums/num_3_folder/num_3(32).png,3
data/nums/num_3_folder/num_3(33).png,3
data/nums/num_3_folder/num_3(34).png,3
data/nums/num_3_folder/num_3(35).png,3
data/nums/num_3_folder/num_3(36).png,3
data/nums/num_3_folder/num_3(37).png,3
data/nums/num_3_folder/num_3(38).png,3
data/nums/num_3_folder/num_3(39).png,3
data/nums/num_3_folder/num_3(40).png,3
data/nums/num_3_folder/num_3(41).png,3
data/nums/num_3_folder/num_3(42).png,3
data/nums/num_3_folder/num_3(43).png,3
data/nums/num_3_folder/num_3(44).png,3
data/nums/num_3_folder/num_3(45).png,3
data/nums/num_3_folder/num_3(46).png,3
data/nums/num_3_folder/num_3(47).png,3
data/nums/num_3_folder/num_3(48).png,3
data/nums/num_3_folder/num_3(49).png,3
data/nums/num_3_folder/num_3(50).png,3
data/nums/num_3_folder/num_3(51).png,3
data/nums/num_3_folder/num_3(52).png,3
data/nums/num_3_folder/num_3(53).png,3
data/nums/num_3_folder/num_3(54).png,3
data/nums/num_3_folder/num_3(55).png,3
data/nums/num_3_folder/num_3(56).png,3
data/nums/num_3_folder/num_3(57).png,3
data/nums/num_3_folder/num_3(58).png,3
data/nums/num_3_folder/num_3(59).png,3
data/nums/num_3_folder/num_3(60).png,3
data/nums/num_3_folder/num_3(61).png,3
data/nums/num_3_folder/num_3(62).png,3
data/nums/num_3_folder/num_3(63).png,3
data/nums/num_3_folder/num_3(64).png,3
data/nums/num_3_folder/num_3(65).png,3
data/nums/num_3_folder/num_3(66).png,3
data/nums/num_3_folder/num_3(67).png,3
data/nums/num_3_folder/num_3(68).png,3
data/nums/num_3_folder/num_3(69).png,3
data/nums/num_3_folder/num_3(70).png,3
data/nums/num_3_folder/num_3(71).png,3
data/nums/num_3_folder/num_3(72).png,3
data/nums/num_3_folder/num_3(73).png,3
data/nums/num_3_folder/num_3(74).png,3
data/nums/num_3_folder/num_3(75).png,3
data/nums/num_3_folder/num_3(76).png,3
data/nums/num_3_folder/num_3(77).png,3
data/nums/num_3_folder/num_3(78).png,3
data/nums/num_3_folder/num_3(79).png,3
data/nums/num_3_folder/num_3(80).png,3
data/nums/num_3_folder/num_3(81).png,3
data/nums/num_3_folder/num_3(82).png,3
data/nums/num_3_folder/num_3(83).png,3
data/nums/num_3_folder/num_3(84).png,3
data/nums/num_3_folder/num_3(85).png,3
data/nums/num_3_folder/num_3(86).png,3
data/nums/num_3_folder/num_3(87).png,3
data/nums/num_3_folder/num_3(88).png,3
data/nums/num_3_folder/num_3(89).png,3
data/nums/num_3_folder/num_3(90).png,3
data/nums/num_3_folder/num_3(91).png,3
data/nums/num_3_folder/num_3(92).png,3
data/nums/num_3_folder/num_3(93).png,3
data/nums/num_3_folder/num_3(94).png,3
data/nums/num_3_folder/num_3(95).png,3
data/nums/num_3_folder/num_3(96).png,3
data/nums/num_3_folder/num_3(97).png,3
data/nums/num_3_folder/num_3(98).png,3
data/nums/num_3_folder/num_3(99).png,3
data/nums/num_4_folder/num_4(0).png,4
data/nums/num_4_folder/num_4(1).png,4
data/nums/num_4_folder/num_4(2).png,4
data/nums/num_4_folder/num_4(3).png,4
data/nums/num_4_folder/num_4(4).png,4
data/nums/num_4_folder/num_4(5).png,4
data/nums/num_4_folder/num_4(6).png,4
data/nums/num_4_folder/num_4(7).png,4
data/nums/num_4_folder/num_4(8).png,4
data/nums/num_4_folder/num_4(9).png,4
data/nums/num_4_folder/num_4(10).png,4
data/nums/num_4_folder/num_4(11).png,4
data/nums/num_4_folder/num_4(12).png,4
data/nums/num_4_folder/num_4(13).png,4
data/nums/num_4_folder/num_4(14).png,4
data/nums/num_4_folder/num_4(15).png,4
data/nums/num_4_folder/num_4(16).png,4
data/nums/num_4_folder/num_4(17).png,4
data/nums/num_4_folder/num_4(18).png,4
data/nums/num_4_folder/num_4(19).png,4
data/nums/num_4_folder/num_4(20).png,4
data/nums/num_4_folder/num_4(21).png,4
data/nums/num_4_folder/num_4(22).png,4
data/nums/num_4_folder/num_4(23).png,4
data/nums/num_4_folder/num_4(24).png,4
data/nums/num_4_folder/num_4(25).png,4
data/nums/num_4_folder/num_4(26).png,4
data/nums/num_4_folder/num_4(27).png,4
data/nums/num_4_folder/num_4(28).png,4
data/nums/num_4_folder/num_4(29).png,4
data/nums/num_4_folder/num_4(30).png,4
data/nums/num_4_folder/num_4(31).png,4
data/nums/num_4_folder/num_4(32).png,4
data/nums/num_4_folder/num_4(33).png,4
data/nums/num_4_folder/num_4(34).png,4
data/nums/num_4_folder/num_4(35).png,4
data/nums/num_4_folder/num_4(36).png,4
data/nums/num_4_folder/num_4(37).png,4
data/nums/num_4_folder/num_4(38).png,4
data/nums/num_4_folder/num_4(39).png,4
data/nums/num_4_folder/num_4(40).png,4
data/nums/num_4_folder/num_4(41).png,4
data/nums/num_4_folder/num_4(42).png,4
data/nums/num_4_folder/num_4(43).png,4
data/nums/num_4_folder/num_4(44).png,4
data/nums/num_4_folder/num_4(45).png,4
data/nums/num_4_folder/num_4(46).png,4
data/nums/num_4_folder/num_4(47).png,4
data/nums/num_4_folder/num_4(48).png,4
data/nums/num_4_folder/num_4(49).png,4
data/nums/num_4_folder/num_4(50).png,4
data/nums/num_4_folder/num_4(51).png,4
data/nums/num_4_folder/num_4(52).png,4
data/nums/num_4_folder/num_4(53).png,4
data/nums/num_4_folder/num_4(54).png,4
data/nums/num_4_folder/num_4(55).png,4
data/nums/num_4_folder/num_4(56).png,4
data/nums/num_4_folder/num_4(57).png,4
data/nums/num_4_folder/num_4(58).png,4
data/nums/num_4_folder/num_4(59).png,4
data/nums/num_4_folder/num_4(60).png,4
data/nums/num_4_folder/num_4(61).png,4
data/nums/num_4_folder/num_4(62).png,4
data/nums/num_4_folder/num_4(63).png,4
data/nums/num_4_folder/num_4(64).png,4
data/nums/num_4_folder/num_4(65).png,4
data/nums/num_4_folder/num_4(66).png,4
data/nums/num_4_folder/num_4(67).png,4
data/nums/num_4_folder/num_4(68).png,4
data/nums/num_4_folder/num_4(69).png,4
data/nums/num_4_folder/num_4(70).png,4
data/nums/num_4_folder/num_4(71).png,4
data/nums/num_4_folder/num_4(72).png,4
data/nums/num_4_folder/num_4(73).png,4
data/nums/num_4_folder/num_4(74).png,4
data/nums/num_4_folder/num_4(75).png,4
data/nums/num_4_folder/num_4(76).png,4
data/nums/num_4_folder/num_4(77).png,4
data/nums/num_4_folder/num_4(78).png,4
data/nums/num_4_folder/num_4(79).png,4
data/nums/num_4_folder/num_4(80).png,4
data/nums/num_4_folder/num_4(81).png,4
data/nums/num_4_folder/num_4(82).png,4
data/nums/num_4_folder/num_4(83).png,4
data/nums/num_4_folder/num_4(84).png,4
data/nums/num_4_folder/num_4(85).png,4
data/nums/num_4_folder/num_4(86).png,4
data/nums/num_4_folder/num_4(87).png,4
data/nums/num_4_folder/num_4(88).png,4
data/nums/num_4_folder/num_4(89).png,4
data/nums/num_4_folder/num_4(90).png,4
data/nums/num_4_folder/num_4(91).png,4
data/nums/num_4_folder/num_4(92).png,4
data/nums/num_4_folder/num_4(93).png,4
data/nums/num_4_folder/num_4(94).png,4
data/nums/num_4_folder/num_4(95).png,4
data/nums/num_4_folder/num_4(96).png,4
data/nums/num_4_folder/num_4(97).png,4
data/nums/num_4_folder/num_4(98).png,4
data/nums/num_4_folder/num_4(99).png,4
data/nums/num_5_folder/num_5(0).png,5
data/nums/num_5_folder/num_5(1).png,5
data/nums/num_5_folder/num_5(2).png,5
data/nums/num_5_folder/num_5(3).png,5
data/nums/num_5_folder/num_5(4).png,5
data/nums/num_5_folder/num_5(5).png,5
data/nums/num_5_folder/num_5(6).png,5
data/nums/num_5_folder/num_5(7).png,5
data/nums/num_5_folder/num_5(8).png,5
data/nums/num_5_folder/num_5(9).png,5
data/nums/num_5_folder/num_5(10).png,5
data/nums/num_5_folder/num_5(11).png,5
data/nums/num_5_folder/num_5(12).png,5
data/nums/num_5_folder/num_5(13).png,5
data/nums/num_5_folder/num_5(14).png,5
data/nums/num_5_folder/num_5(15).png,5
data/nums/num_5_folder/num_5(16).png,5
data/nums/num_5_folder/num_5(17).png,5
data/nums/num_5_folder/num_5(18).png,5
data/nums/num_5_folder/num_5(19).png,5
data/nums/num_5_folder/num_5(20).png,5
data/nums/num_5_folder/num_5(21).png,5
data/nums/num_5_folder/num_5(22).png,5
data/nums/num_5_folder/num_5(23).png,5
data/nums/num_5_folder/num_5(24).png,5
data/nums/num_5_folder/num_5(25).png,5
data/nums/num_5_folder/num_5(26).png,5
data/nums/num_5_folder/num_5(27).png,5
data/nums/num_5_folder/num_5(28).png,5
data/nums/num_5_folder/num_5(29).png,5
data/nums/num_5_folder/num_5(30).png,5
data/nums/num_5_folder/num_5(31).png,5
data/nums/num_5_folder/num_5(32).png,5
data/nums/num_5_folder/num_5(33).png,5
data/nums/num_5_folder/num_5(34).png,5
data/nums/num_5_folder/num_5(35).png,5
data/nums/num_5_folder/num_5(36).png,5
data/nums/num_5_folder/num_5(37).png,5
data/nums/num_5_folder/num_5(38).png,5
data/nums/num_5_folder/num_5(39).png,5
data/nums/num_5_folder/num_5(40).png,5
data/nums/num_5_folder/num_5(41).png,5
data/nums/num_5_folder/num_5(42).png,5
data/nums/num_5_folder/num_5(43).png,5
data/nums/num_5_folder/num_5(44).png,5
data/nums/num_5_folder/num_5(45).png,5
data/nums/num_5_folder/num_5(46).png,5
data/nums/num_5_folder/num_5(47).png,5
data/nums/num_5_folder/num_5(48).png,5
data/nums/num_5_folder/num_5(49).png,5
data/nums/num_5_folder/num_5(50).png,5
data/nums/num_5_folder/num_5(51).png,5
data/nums/num_5_folder/num_5(52).png,5
data/nums/num_5_folder/num_5(53).png,5
data/nums/num_5_folder/num_5(54).png,5
data/nums/num_5_folder/num_5(55).png,5
data/nums/num_5_folder/num_5(56).png,5
data/nums/num_5_folder/num_5(57).png,5
data/nums/num_5_folder/num_5(58).png,5
data/nums/num_5_folder/num_5(59).png,5
data/nums/num_5_folder/num_5(60).png,5
data/nums/num_5_folder/num_5(61).png,5
data/nums/num_5_folder/num_5(62).png,5
data/nums/num_5_folder/num_5(63).png,5
data/nums/num_5_folder/num_5(64).png,5
data/nums/num_5_folder/num_5(65).png,5
data/nums/num_5_folder/num_5(66).png,5
data/nums/num_5_folder/num_5(67).png,5
data/nums/num_5_folder/num_5(68).png,5
data/nums/num_5_folder/num_5(69).png,5
data/nums/num_5_folder/num_5(70).png,5
data/nums/num_5_folder/num_5(71).png,5
data/nums/num_5_folder/num_5(72).png,5
data/nums/num_5_folder/num_5(73).png,5
data/nums/num_5_folder/num_5(74).png,5
data/nums/num_5_folder/num_5(75).png,5
data/nums/num_5_folder/num_5(76).png,5
data/nums/num_5_folder/num_5(77).png,5
data/nums/num_5_folder/num_5(78).png,5
data/nums/num_5_folder/num_5(79).png,5
data/nums/num_5_folder/num_5(80).png,5
data/nums/num_5_folder/num_5(81).png,5
data/nums/num_5_folder/num_5(82).png,5
data/nums/num_5_folder/num_5(83).png,5
data/nums/num_5_folder/num_5(84).png,5
data/nums/num_5_folder/num_5(85).png,5
data/nums/num_5_folder/num_5(86).png,5
data/nums/num_5_folder/num_5(87).png,5
data/nums/num_5_folder/num_5(88).png,5
data/nums/num_5_folder/num_5(89).png,5
data/nums/num_5_folder/num_5(90).png,5
data/nums/num_5_folder/num_5(91).png,5
data/nums/num_5_folder/num_5(92).png,5
data/nums/num_5_folder/num_5(93).png,5
data/nums/num_5_folder/num_5(94).png,5
data/nums/num_5_folder/num_5(95).png,5
data/nums/num_5_folder/num_5(96).png,5
data/nums/num_5_folder/num_5(97).png,5
data/nums/num_5_folder/num_5(98).png,5
data/nums/num_5_folder/num_5(99).png,5
data/nums/num_6_folder/num_6(0).png,6
data/nums/num_6_folder/num_6(1).png,6
data/nums/num_6_folder/num_6(2).png,6
data/nums/num_6_folder/num_6(3).png,6
data/nums/num_6_folder/num_6(4).png,6
data/nums/num_6_folder/num_6(5).png,6
data/nums/num_6_folder/num_6(6).png,6
data/nums/num_6_folder/num_6(7).png,6
data/nums/num_6_folder/num_6(8).png,6
data/nums/num_6_folder/num_6(9).png,6
data/nums/num_6_folder/num_6(10).png,6
data/nums/num_6_folder/num_6(11).png,6
data/nums/num_6_folder/num_6(12).png,6
data/nums/num_6_folder/num_6(13).png,6
data/nums/num_6_folder/num_6(14).png,6
data/nums/num_6_folder/num_6(15).png,6
data/nums/num_6_folder/num_6(16).png,6
data/nums/num_6_folder/num_6(17).png,6
data/nums/num_6_folder/num_6(18).png,6
data/nums/num_6_folder/num_6(19).png,6
data/nums/num_6_folder/num_6(20).png,6
data/nums/num_6_folder/num_6(21).png,6
data/nums/num_6_folder/num_6(22).png,6
data/nums/num_6_folder/num_6(23).png,6
data/nums/num_6_folder/num_6(24).png,6
data/nums/num_6_folder/num_6(25).png,6
data/nums/num_6_folder/num_6(26).png,6
data/nums/num_6_folder/num_6(27).png,6
data/nums/num_6_folder/num_6(28).png,6
data/nums/num_6_folder/num_6(29).png,6
data/nums/num_6_folder/num_6(30).png,6
data/nums/num_6_folder/num_6(31).png,6
data/nums/num_6_folder/num_6(32).png,6
data/nums/num_6_folder/num_6(33).png,6
data/nums/num_6_folder/num_6(34).png,6
data/nums/num_6_folder/num_6(35).png,6
data/nums/num_6_folder/num_6(36).png,6
data/nums/num_6_folder/num_6(37).png,6
data/nums/num_6_folder/num_6(38).png,6
data/nums/num_6_folder/num_6(39).png,6
data/nums/num_6_folder/num_6(40).png,6
data/nums/num_6_folder/num_6(41).png,6
data/nums/num_6_folder/num_6(42).png,6
data/nums/num_6_folder/num_6(43).png,6
data/nums/num_6_folder/num_6(44).png,6
data/nums/num_6_folder/num_6(45).png,6
data/nums/num_6_folder/num_6(46).png,6
data/nums/num_6_folder/num_6(47).png,6
data/nums/num_6_folder/num_6(48).png,6
data/nums/num_6_folder/num_6(49).png,6
data/nums/num_6_folder/num_6(50).png,6
data/nums/num_6_folder/num_6(51).png,6
data/nums/num_6_folder/num_6(52).png,6
data/nums/num_6_folder/num_6(53).png,6
data/nums/num_6_folder/num_6(54).png,6
data/nums/num_6_folder/num_6(55).png,6
data/nums/num_6_folder/num_6(56).png,6
data/nums/num_6_folder/num_6(57).png,6
data/nums/num_6_folder/num_6(58).png,6
data/nums/num_6_folder/num_6(59).png,6
data/nums/num_6_folder/num_6(60).png,6
data/nums/num_6_folder/num_6(61).png,6
data/nums/num_6_folder/num_6(62).png,6
data/nums/num_6_folder/num_6(63).png,6
data/nums/num_6_folder/num_6(64).png,6
data/nums/num_6_folder/num_6(65).png,6
data/nums/num_6_folder/num_6(66).png,6
data/nums/num_6_folder/num_6(67).png,6
data/nums/num_6_folder/num_6(68).png,6
data/nums/num_6_folder/num_6(69).png,6
data/nums/num_6_folder/num_6(70).png,6
data/nums/num_6_folder/num_6(71).png,6
data/nums/num_6_folder/num_6(72).png,6
data/nums/num_6_folder/num_6(73).png,6
data/nums/num_6_folder/num_6(74).png,6
data/nums/num_6_folder/num_6(75).png,6
data/nums/num_6_folder/num_6(76).png,6
data/nums/num_6_folder/num_6(77).png,6
data/nums/num_6_folder/num_6(78).png,6
data/nums/num_6_folder/num_6(79).png,6
data/nums/num_6_folder/num_6(80).png,6
data/nums/num_6_folder/num_6(81).png,6
data/nums/num_6_folder/num_6(82).png,6
data/nums/num_6_folder/num_6(83).png,6
data/nums/num_6_folder/num_6(84).png,6
data/nums/num_6_folder/num_6(85).png,6
data/nums/num_6_folder/num_6(86).png,6
data/nums/num_6_folder/num_6(87).png,6
data/nums/num_6_folder/num_6(88).png,6
data/nums/num_6_folder/num_6(89).png,6
data/nums/num_6_folder/num_6(90).png,6
data/nums/num_6_folder/num_6(91).png,6
data/nums/num_6_folder/num_6(92).png,6
data/nums/num_6_folder/num_6(93).png,6
data/nums/num_6_folder/num_6(94).png,6
data/nums/num_6_folder/num_6(95).png,6
data/nums/num_6_folder/num_6(96).png,6
data/nums/num_6_folder/num_6(97).png,6
data/nums/num_6_folder/num_6(98).png,6
data/nums/num_6_folder/num_6(99).png,6
data/nums/num_7_folder/num_7(0).png,7
data/nums/num_7_folder/num_7(1).png,7
data/nums/num_7_folder/num_7(2).png,7
data/nums/num_7_folder/num_7(3).png,7
data/nums/num_7_folder/num_7(4).png,7
data/nums/num_7_folder/num_7(5).png,7
data/nums/num_7_folder/num_7(6).png,7
data/nums/num_7_folder/num_7(7).png,7
data/nums/num_7_folder/num_7(8).png,7
data/nums/num_7_folder/num_7(9).png,7
data/nums/num_7_folder/num_7(10).png,7
data/nums/num_7_folder/num_7(11).png,7
data/nums/num_7_folder/num_7(12).png,7
data/nums/num_7_folder/num_7(13).png,7
data/nums/num_7_folder/num_7(14).png,7
data/nums/num_7_folder/num_7(15).png,7
data/nums/num_7_folder/num_7(16).png,7
data/nums/num_7_folder/num_7(17).png,7
data/nums/num_7_folder/num_7(18).png,7
data/nums/num_7_folder/num_7(19).png,7
data/nums/num_7_folder/num_7(20).png,7
data/nums/num_7_folder/num_7(21).png,7
data/nums/num_7_folder/num_7(22).png,7
data/nums/num_7_folder/num_7(23).png,7
data/nums/num_7_folder/num_7(24).png,7
data/nums/num_7_folder/num_7(25).png,7
data/nums/num_7_folder/num_7(26).png,7
data/nums/num_7_folder/num_7(27).png,7
data/nums/num_7_folder/num_7(28).png,7
data/nums/num_7_folder/num_7(29).png,7
data/nums/num_7_folder/num_7(30).png,7
data/nums/num_7_folder/num_7(31).png,7
data/nums/num_7_folder/num_7(32).png,7
data/nums/num_7_folder/num_7(33).png,7
data/nums/num_7_folder/num_7(34).png,7
data/nums/num_7_folder/num_7(35).png,7
data/nums/num_7_folder/num_7(36).png,7
data/nums/num_7_folder/num_7(37).png,7
data/nums/num_7_folder/num_7(38).png,7
data/nums/num_7_folder/num_7(39).png,7
data/nums/num_7_folder/num_7(40).png,7
data/nums/num_7_folder/num_7(41).png,7
data/nums/num_7_folder/num_7(42).png,7
data/nums/num_7_folder/num_7(43).png,7
data/nums/num_7_folder/num_7(44).png,7
data/nums/num_7_folder/num_7(45).png,7
data/nums/num_7_folder/num_7(46).png,7
data/nums/num_7_folder/num_7(47).png,7
data/nums/num_7_folder/num_7(48).png,7
data/nums/num_7_folder/num_7(49).png,7
data/nums/num_7_folder/num_7(50).png,7
data/nums/num_7_folder/num_7(51).png,7
data/nums/num_7_folder/num_7(52).png,7
data/nums/num_7_folder/num_7(53).png,7
data/nums/num_7_folder/num_7(54).png,7
data/nums/num_7_folder/num_7(55).png,7
data/nums/num_7_folder/num_7(56).png,7
data/nums/num_7_folder/num_7(57).png,7
data/nums/num_7_folder/num_7(58).png,7
data/nums/num_7_folder/num_7(59).png,7
data/nums/num_7_folder/num_7(60).png,7
data/nums/num_7_folder/num_7(61).png,7
data/nums/num_7_folder/num_7(62).png,7
data/nums/num_7_folder/num_7(63).png,7
data/nums/num_7_folder/num_7(64).png,7
data/nums/num_7_folder/num_7(65).png,7
data/nums/num_7_folder/num_7(66).png,7
data/nums/num_7_folder/num_7(67).png,7
data/nums/num_7_folder/num_7(68).png,7
data/nums/num_7_folder/num_7(69).png,7
data/nums/num_7_folder/num_7(70).png,7
data/nums/num_7_folder/num_7(71).png,7
data/nums/num_7_folder/num_7(72).png,7
data/nums/num_7_folder/num_7(73).png,7
data/nums/num_7_folder/num_7(74).png,7
data/nums/num_7_folder/num_7(75).png,7
data/nums/num_7_folder/num_7(76).png,7
data/nums/num_7_folder/num_7(77).png,7
data/nums/num_7_folder/num_7(78).png,7
data/nums/num_7_folder/num_7(79).png,7
data/nums/num_7_folder/num_7(80).png,7
data/nums/num_7_folder/num_7(81).png,7
data/nums/num_7_folder/num_7(82).png,7
data/nums/num_7_folder/num_7(83).png,7
data/nums/num_7_folder/num_7(84).png,7
data/nums/num_7_folder/num_7(85).png,7
data/nums/num_7_folder/num_7(86).png,7
data/nums/num_7_folder/num_7(87).png,7
data/nums/num_7_folder/num_7(88).png,7
data/nums/num_7_folder/num_7(89).png,7
data/nums/num_7_folder/num_7(90).png,7
data/nums/num_7_folder/num_7(91).png,7
data/nums/num_7_folder/num_7(92).png,7
data/nums/num_7_folder/num_7(93).png,7
data/nums/num_7_folder/num_7(94).png,7
data/nums/num_7_folder/num_7(95).png,7
data/nums/num_7_folder/num_7(96).png,7
data/nums/num_7_folder/num_7(97).png,7
data/nums/num_7_folder/num_7(98).png,7
data/nums/num_7_folder/num_7(99).png,7
data/nums/num_8_folder/num_8(0).png,8
data/nums/num_8_folder/num_8(1).png,8
data/nums/num_8_folder/num_8(2).png,8
data/nums/num_8_folder/num_8(3).png,8
data/nums/num_8_folder/num_8(4).png,8
data/nums/num_8_folder/num_8(5).png,8
data/nums/num_8_folder/num_8(6).png,8
data/nums/num_8_folder/num_8(7).png,8
data/nums/num_8_folder/num_8(8).png,8
data/nums/num_8_folder/num_8(9).png,8
data/nums/num_8_folder/num_8(10).png,8
data/nums/num_8_folder/num_8(11).png,8
data/nums/num_8_folder/num_8(12).png,8
data/nums/num_8_folder/num_8(13).png,8
data/nums/num_8_folder/num_8(14).png,8
data/nums/num_8_folder/num_8(15).png,8
data/nums/num_8_folder/num_8(16).png,8
data/nums/num_8_folder/num_8(17).png,8
data/nums/num_8_folder/num_8(18).png,8
data/nums/num_8_folder/num_8(19).png,8
data/nums/num_8_folder/num_8(20).png,8
data/nums/num_8_folder/num_8(21).png,8
data/nums/num_8_folder/num_8(22).png,8
data/nums/num_8_folder/num_8(23).png,8
data/nums/num_8_folder/num_8(24).png,8
data/nums/num_8_folder/num_8(25).png,8
data/nums/num_8_folder/num_8(26).png,8
data/nums/num_8_folder/num_8(27).png,8
data/nums/num_8_folder/num_8(28).png,8
data/nums/num_8_folder/num_8(29).png,8
data/nums/num_8_folder/num_8(30).png,8
data/nums/num_8_folder/num_8(31).png,8
data/nums/num_8_folder/num_8(32).png,8
data/nums/num_8_folder/num_8(33).png,8
data/nums/num_8_folder/num_8(34).png,8
data/nums/num_8_folder/num_8(35).png,8
data/nums/num_8_folder/num_8(36).png,8
data/nums/num_8_folder/num_8(37).png,8
data/nums/num_8_folder/num_8(38).png,8
data/nums/num_8_folder/num_8(39).png,8
data/nums/num_8_folder/num_8(40).png,8
data/nums/num_8_folder/num_8(41).png,8
data/nums/num_8_folder/num_8(42).png,8
data/nums/num_8_folder/num_8(43).png,8
data/nums/num_8_folder/num_8(44).png,8
data/nums/num_8_folder/num_8(45).png,8
data/nums/num_8_folder/num_8(46).png,8
data/nums/num_8_folder/num_8(47).png,8
data/nums/num_8_folder/num_8(48).png,8
data/nums/num_8_folder/num_8(49).png,8
data/nums/num_8_folder/num_8(50).png,8
data/nums/num_8_folder/num_8(51).png,8
data/nums/num_8_folder/num_8(52).png,8
data/nums/num_8_folder/num_8(53).png,8
data/nums/num_8_folder/num_8(54).png,8
data/nums/num_8_folder/num_8(55).png,8
data/nums/num_8_folder/num_8(56).png,8
data/nums/num_8_folder/num_8(57).png,8
data/nums/num_8_folder/num_8(58).png,8
data/nums/num_8_folder/num_8(59).png,8
data/nums/num_8_folder/num_8(60).png,8
data/nums/num_8_folder/num_8(61).png,8
data/nums/num_8_folder/num_8(62).png,8
data/nums/num_8_folder/num_8(63).png,8
data/nums/num_8_folder/num_8(64).png,8
data/nums/num_8_folder/num_8(65).png,8
data/nums/num_8_folder/num_8(66).png,8
data/nums/num_8_folder/num_8(67).png,8
data/nums/num_8_folder/num_8(68).png,8
data/nums/num_8_folder/num_8(69).png,8
data/nums/num_8_folder/num_8(70).png,8
data/nums/num_8_folder/num_8(71).png,8
data/nums/num_8_folder/num_8(72).png,8
data/nums/num_8_folder/num_8(73).png,8
data/nums/num_8_folder/num_8(74).png,8
data/nums/num_8_folder/num_8(75).png,8
data/nums/num_8_folder/num_8(76).png,8
data/nums/num_8_folder/num_8(77).png,8
data/nums/num_8_folder/num_8(78).png,8
data/nums/num_8_folder/num_8(79).png,8
data/nums/num_8_folder/num_8(80).png,8
data/nums/num_8_folder/num_8(81).png,8
data/nums/num_8_folder/num_8(82).png,8
data/nums/num_8_folder/num_8(83).png,8
data/nums/num_8_folder/num_8(84).png,8
data/nums/num_8_folder/num_8(85).png,8
data/nums/num_8_folder/num_8(86).png,8
data/nums/num_8_folder/num_8(87).png,8
data/nums/num_8_folder/num_8(88).png,8
data/nums/num_8_folder/num_8(89).png,8
data/nums/num_8_folder/num_8(90).png,8
data/nums/num_8_folder/num_8(91).png,8
data/nums/num_8_folder/num_8(92).png,8
data/nums/num_8_folder/num_8(93).png,8
data/nums/num_8_folder/num_8(94).png,8
data/nums/num_8_folder/num_8(95).png,8
data/nums/num_8_folder/num_8(96).png,8
data/nums/num_8_folder/num_8(97).png,8
data/nums/num_8_folder/num_8(98).png,8
data/nums/num_8_folder/num_8(99).png,8
data/nums/num_9_folder/num_9(0).png,9
data/nums/num_9_folder/num_9(1).png,9
data/nums/num_9_folder/num_9(2).png,9
data/nums/num_9_folder/num_9(3).png,9
data/nums/num_9_folder/num_9(4).png,9
data/nums/num_9_folder/num_9(5).png,9
data/nums/num_9_folder/num_9(6).png,9
data/nums/num_9_folder/num_9(7).png,9
data/nums/num_9_folder/num_9(8).png,9
data/nums/num_9_folder/num_9(9).png,9
data/nums/num_9_folder/num_9(10).png,9
data/nums/num_9_folder/num_9(11).png,9
data/nums/num_9_folder/num_9(12).png,9
data/nums/num_9_folder/num_9(13).png,9
data/nums/num_9_folder/num_9(14).png,9
data/nums/num_9_folder/num_9(15).png,9
data/nums/num_9_folder/num_9(16).png,9
data/nums/num_9_folder/num_9(17).png,9
data/nums/num_9_folder/num_9(18).png,9
data/nums/num_9_folder/num_9(19).png,9
data/nums/num_9_folder/num_9(20).png,9
data/nums/num_9_folder/num_9(21).png,9
data/nums/num_9_folder/num_9(22).png,9
data/nums/num_9_folder/num_9(23).png,9
data/nums/num_9_folder/num_9(24).png,9
data/nums/num_9_folder/num_9(25).png,9
data/nums/num_9_folder/num_9(26).png,9
data/nums/num_9_folder/num_9(27).png,9
data/nums/num_9_folder/num_9(28).png,9
data/nums/num_9_folder/num_9(29).png,9
data/nums/num_9_folder/num_9(30).png,9
data/nums/num_9_folder/num_9(31).png,9
data/nums/num_9_folder/num_9(32).png,9
data/nums/num_9_folder/num_9(33).png,9
data/nums/num_9_folder/num_9(34).png,9
data/nums/num_9_folder/num_9(35).png,9
data/nums/num_9_folder/num_9(36).png,9
data/nums/num_9_folder/num_9(37).png,9
data/nums/num_9_folder/num_9(38).png,9
data/nums/num_9_folder/num_9(39).png,9
data/nums/num_9_folder/num_9(40).png,9
data/nums/num_9_folder/num_9(41).png,9
data/nums/num_9_folder/num_9(42).png,9
data/nums/num_9_folder/num_9(43).png,9
data/nums/num_9_folder/num_9(44).png,9
data/nums/num_9_folder/num_9(45).png,9
data/nums/num_9_folder/num_9(46).png,9
data/nums/num_9_folder/num_9(47).png,9
data/nums/num_9_folder/num_9(48).png,9
data/nums/num_9_folder/num_9(49).png,9
data/nums/num_9_folder/num_9(50).png,9
data/nums/num_9_folder/num_9(51).png,9
data/nums/num_9_folder/num_9(52).png,9
data/nums/num_9_folder/num_9(53).png,9
data/nums/num_9_folder/num_9(54).png,9
data/nums/num_9_folder/num_9(55).png,9
data/nums/num_9_folder/num_9(56).png,9
data/nums/num_9_folder/num_9(57).png,9
data/nums/num_9_folder/num_9(58).png,9
data/nums/num_9_folder/num_9(59).png,9
data/nums/num_9_folder/num_9(60).png,9
data/nums/num_9_folder/num_9(61).png,9
data/nums/num_9_folder/num_9(62).png,9
data/nums/num_9_folder/num_9(63).png,9
data/nums/num_9_folder/num_9(64).png,9
data/nums/num_9_folder/num_9(65).png,9
data/nums/num_9_folder/num_9(66).png,9
data/nums/num_9_folder/num_9(67).png,9
data/nums/num_9_folder/num_9(68).png,9
data/nums/num_9_folder/num_9(69).png,9
data/nums/num_9_folder/num_9(70).png,9
data/nums/num_9_folder/num_9(71).png,9
data/nums/num_9_folder/num_9(72).png,9
data/nums/num_9_folder/num_9(73).png,9
data/nums/num_9_folder/num_9(74).png,9
data/nums/num_9_folder/num_9(75).png,9
data/nums/num_9_folder/num_9(76).png,9
data/nums/num_9_folder/num_9(77).png,9
data/nums/num_9_folder/num_9(78).png,9
data/nums/num_9_folder/num_9(79).png,9
data/nums/num_9_folder/num_9(80).png,9
data/nums/num_9_folder/num_9(81).png,9
data/nums/num_9_folder/num_9(82).png,9
data/nums/num_9_folder/num_9(83).png,9
data/nums/num_9_folder/num_9(84).png,9
data/nums/num_9_folder/num_9(85).png,9
data/nums/num_9_folder/num_9(86).png,9
data/nums/num_9_folder/num_9(87).png,9
data/nums/num_9_folder/num_9(88).png,9
data/nums/num_9_folder/num_9(89).png,9
data/nums/num_9_folder/num_9(90).png,9
data/nums/num_9_folder/num_9(91).png,9
data/nums/num_9_folder/num_9(92).png,9
data/nums/num_9_folder/num_9(93).png,9
data/nums/num_9_folder/num_9(94).png,9
data/nums/num_9_folder/num_9(95).png,9
data/nums/num_9_folder/num_9(96).png,9
data/nums/num_9_folder/num_9(97).png,9
data/nums/num_9_folder/num_9(98).png,9
data/nums/num_9_folder/num_9(99).png,9
